identified,taxagroup,taxagroup_name,taxon_type,recommended_anchor,anchor_id,orphan_count,Depth 0,Depth 1,Depth 2,Depth 3,Depth 4,Depth 5
half,PLA,Plants undiff.,bio,Embryophyta?,33038,1,Eukaryota(27),Plantae(27),"Viridiplantae(18), Plantae undiff.(5), Plantae (aquatics)(1), Plantae (type 782(1), Plantae (type 193(1)","7 nodes: Streptophyta(16), HdV)(2), Ruderal species(1)...",Embryophyta(15),"Bryophyta(6), Embryophyta incertae sedis(5), Tracheophyta(2), Bryophyta/Marchantiophyta(1)"
half,BRY,Bryophytes,bio,Embryophyta?,33038,13,Eukaryota(295),Plantae(295),Viridiplantae(295),Streptophyta(295),Embryophyta(295),"Bryophyta(222), Marchantiophyta(36), Anthocerotophyta(35), Embryophyta incertae sedis(2)"
half,VPL,Vascular plants,bio,Tracheophyta,N/A,1629,"7 nodes: Eukaryota(18929), Urticales (triporate(1), Urticales (diporate(1)...","Plantae(18929), scabrate)(2), Julier & Gosling)(2), de Boer)(1), Bacteria(1)","Viridiplantae(18929), Negibacteria(1)","Streptophyta(18929), Cyanobacteria(1)","Embryophyta(18929), Cyanophyceae(1)","Tracheophyta(18925), Embryophyta incertae sedis(4), Nostocophycidae(1)"
,ALG,Algae,bio,None,N/A,43,"6 nodes: Eukaryota(262), Algae(49), Prokaryota(28),Tetraedron minimum (type 371) (1), Euastrum insulare var. lacustre (type 332C) (1), Debarya (type 214) (1)","53 nodes: Plantae(261), Bacteria(28), HdV)(3)...","6 nodes: Viridiplantae(261), Negibacteria(28), HdV)(18)...","Chlorophyta(158), Streptophyta(101), Cyanobacteria(28), Viridiplantae incertae sedis(2), Halvaria(1)","24 nodes: Charophyta(101), Chlorophytina(100), Cyanophyceae(25)...","31 nodes: Chlorophyceae(97), Conjugatophyceae(82), Charophyceae(17)..."
,DIN,Dinoflagellates,bio,Miozoa,32187,4,Eukaryota(427),"Chromista(424), Plantae(3)","Harosa(424), Viridiplantae(3)","Halvaria(424), Cymatiosphaera(3)","Alveolata(424), Cymatiosphaera globulosa(1), Cymatiosphaera (type HdV-116)(1)",Miozoa(424)
,ACR,Acritarchs,bio,None,N/A,2,"Acritarcha(31), Eukaryota(6)","19 nodes: Chromista(5), Pseudoschizaea(3), Leiosphaeridia(3)...","17 nodes: Harosa(5), Viridiplantae(1), Pseudoschizaea circula(1)...","Halvaria(5), Streptophyta(1), HdV)(1)","Alveolata(5), Charophyta(1)","Ciliophora(5), Conjugatophyceae(1)"
,PRK,Prokaryota,bio,Negibacteria,33037,1,Prokaryota(2),Bacteria(2),Negibacteria(1),N/A,N/A,N/A
,ANM,Animals undiff.,bio,None,N/A,11,"Eukaryota(60), Macrobiotus ambiguus-type (type 112(1)","Animalia(60), NN)(1)","Invertebrata(55), Animalia incertae sedis(3), Animalia undiff.(1)","24 nodes: Tardigrada(33), Invertebrata (type 75(1), Rotifera/Tardigrada(1)...","8 nodes: Eutardigrada(24), HdV)(20), Dactylobiotus(3)...","Parachela(23), HdV)(1), Dactylobiotus ambiguus-type: ovum(1), Dactylobiotus ambiguus-type (type 112(1)"
yes,AVE,Birds,bio,Aves,6757,141,Eukaryota(1613),Animalia(1613),Vertebrata(1613),"Aves(1611), cf. Aves(1), ?Aves(1)","35 nodes: Passeriformes(392), Charadriiformes(363), Anseriformes(187)...","80 nodes: Anatidae(186), Scolopacidae(132), Laridae(106)..."
yes,FSH,Fish,bio,"""Fish""",6757,14,Eukaryota(703),Animalia(703),Vertebrata(703),"Osteichthyes(681), Chondrichthyes(22)","37 nodes: Perciformes(188), Scorpaeniformes(120), Pleuronectiformes(89)...","77 nodes: Pleuronectidae(75), Cottidae(62), Salmonidae(55)..."
yes,HRP,Reptiles and amphil,bio,"""Reptiles and amphil""",6757,47,Eukaryota(347),Animalia(347),Vertebrata(347),"Reptilia(250), Amphibia(95), ?Amphibia(1), cf. Testudines(1)","10 nodes: Squamata(137), Testudinata(104), Anura(54)...","22 nodes: Testudines(103), Serpentes(92), Squamata (lizards)(32)..."
yes,VER,Vertebrates undiff.,bio,"""Vertebrates undiff.""",6757,0,Eukaryota(14),Animalia(14),Vertebrata(14),"7 nodes: Reptilia(5), Elopiformes(2), Heptapteridae(2)...","Ornithischia(2), Phrynosomatidae(2), Megalops(1), Rhamdia(1)","Ceratopsia gen. sp.(1), Phrynosoma(1)"
yes,MAM,Mammals,bio,Mammalia,6171,520,Eukaryota(3175),Animalia(3175),Vertebrata(3175),Mammalia(3175),"79 nodes: Rodentia(1131), Euungulata(560), Carnivora(499)...","352 nodes: Cricetidae(454), Artiodactyla(420), Sciuridae(173)..."
,CHO,Chromista,bio,Harosa,32179,1,Eukaryota(54),Chromista(54),Harosa(53),"Halvaria(43), Rhizaria(9)","Alveolata(38), Retaria(6), Heterokonta(4), Cercozoa(2)","Ciliophora(37), Radiozoa(5), Ochrophyta(2), Bigyra(1), Filosa(1)"
,CRU,Crustaceans undiff.,bio,Crustacea,9450,2,Eukaryota(172),Animalia(172),Arthropoda(172),Crustacea(172),"Branchiopoda(97), Multicrustacea(73), Crustacea (microcrustacean)(1)","Phyllopoda(95), Hexanauplia(67), Malacostraca(5), Diplostraca(1)"
,ART,Arthropods undiff.,bio,Arthropoda,9449,5,Eukaryota(218),Animalia(218),Arthropoda(218),"Arachnida(192), Diplopoda(11), Crustacea(10), Myriapoda(2), Insecta incertae sedis(2)","15 nodes: Acari(131), Araneae(34), Scorpiones(14)...","26 nodes: Oribatida(115), Parasitiformes(13), Lycosidae(7)..."
,DIA,Diatoms,bio,Bacillariophyta,5396,45,Algae(8215),Bacillariophyta(8215),"131 nodes: Pennales(7239), Centrales(830), Bacillariophyta undet.(8)...","99 nodes: Naviculaceae(1399), Fragilariaceae(752), Bacillariaceae(663)...","385 nodes: Navicula(1183), Nitzschia(547), Pinnularia(491)...","6476 nodes: Staurosira construens(24), Fragilaria capucina(19), Melosira distans(19)..."
,EUK,Eukaryota,bio,Desmidiaceae cf. Cosmarium,44526,1,"Eukaryota(5), Acritarcha(1)","Charophyta(4), Eukaryota incertae sedis(1), Inaperturites(1)",Desmidiales(3),Desmidiaceae(2),Desmidiaceae cf. Cosmarium(1),N/A
,FOR,Foraminifera,bio,Foraminifera,620,0,Eukaryota(11),Chromista(11),Harosa(11),Rhizaria(11),Retaria(11),Foraminifera(11)
,INS,Insects,bio,None,N/A,189,"7 nodes: Eukaryota(19307), Scolytidae(183), Pselaphidae(109)...","96 nodes: Animalia(19307), Ostomidae(24), Ptinus(22)...","290 nodes: Arthropoda(19307), Rhizophagus(15), Cybocephalus(7)...","39 nodes: Insecta(18942), Crustacea(365), Georissus crenulatus(1)...","28 nodes: Coleoptera(12389), Diptera(2671), Hemiptera(1414)...","418 nodes: Staphylinidae(2424), Carabidae(2018), Curculionidae(1681)..."
,OST,Ostracode,bio,Ostracoda,13914,94,"Eukaryota(1116), Amplocypris(1), Dolekiella(1)","Animalia(1116), Amplocypris tonnensis(1), Dolekiella europaea(1)",Arthropoda(1116),Crustacea(1116),Ostracoda(1116),"Podocopida(1113), Ostracoda gen. sp.(1), Ostracoda (mandible 8b)(1)"
,PRO,Protista undiff.,bio,Ciliophora,31303,2,Eukaryota(18),"Chromista(16), Animalia(1), Eukaryota incertae sedis(1)","Harosa(16), Protista(1), cf. Dinoflagellata(1)",Halvaria(16),Alveolata(16),Ciliophora(16)
,PRZ,Protozoa,bio,Protozoa,32177,0,Eukaryota(20),Protozoa(20),"Sarcomastigota(14), Protozoa incertae sedis(5)","Amoebozoa(13), Radiosperma(2), Fusopsis(2)","Lobosa(12), Radiosperma corbiferum(1), Fusopsis undiff.(1)","Discosea(10), Thecamoebida(1)"
,TES,Testate amoebae,bio,None,N/A,30,"Eukaryota(448), Amphitrema flavum (type 31A(1)","Protozoa(307), Chromista(137), Eukaryota incertae sedis(4), HdV)(1)","Sarcomastigota(307), Harosa(137), Testate amoebae(2), Rhizopoda(2)","Amoebozoa(307), Rhizaria(119), Halvaria(18), Rhizopoda undiff.(1), Testate amoebae undiff.(1)","Lobosa(307), Cercozoa(119), Heterokonta(15), Alveolata(3)","7 nodes: Tubulinea(302), Filosa(118), Bigyra(15)..."
,SIL,Silicoflagellates,bio,Ochrophyta,33033,2,Eukaryota(9),Chromista(9),Harosa(9),Halvaria(9),Heterokonta(9),Ochrophyta(9)
yes,FUN,Fungi,bio,Fungi,N/A,8,"10 nodes: Eukaryota(785), Sporormiella-type/Sporormiella undiff. (type 113(1), Valsaria cf. V. variospora (type 140(1)...","Fungi(785), HdV)(9)","11 nodes: Ascomycota(441), Fungi incertae sedis(256), Basidiomycota(51)...","254 nodes: Pezizomycotina(387), Ascomycota incertae sedis(46), Ustilaginomycotina(19)...","72 nodes: Sordariomycetes(207), Dothideomycetes(137), HdV)(83)...","55 nodes: Sordariomycetidae(113), Pleosporomycetidae(91), Hypocreomycetidae(28)..."
yes,ANL,Annelids,bio,Annelida,13918,2,Eukaryota(22),Animalia(22),Annelida(22),"Clitellata(11), Polychaeta(10)","Hirudinea(9), Sedentaria(9), Oligochaeta(1)","Euhirudinea(8), Canalipalpata(8)"
yes,BRC,Brachiopods,bio,Hemithirididae,19848,0,Eukaryota(10),Animalia(10),Brachiopoda(10),Rhynchonellata(9),Rhynchonellida(8),Hemithirididae(7)
yes,BRZ,Bryozoa,bio,Bryozoa,18606,0,Eukaryota(51),Animalia(51),Bryozoa(51),"Gymnolaemata(28), Phylactolaemata(16), Stenolaemata(5), Bryozoa gen. sp.(1)","Cheilostomata(25), Plumatellida(15), Cyclostomatida(4), Cyclostomata(1), Ctenostomata(1)","11 nodes: Calloporidae(7), Schizoporellidae(5), Lophopodidae(5)..."
yes,CNI,Cnidaria,bio,Alcyonacea,19908,0,Eukaryota(3),Animalia(3),Cnidaria(3),Anthozoa(2),Alcyonacea(1),N/A
yes,ECH,Echinoderms,bio,Echinoidea,9485,0,Eukaryota(21),Animalia(21),Echinodermata(21),Echinoidea(20),"Camarodonta(14), Clypeasteroida(5)","Strongylocentrotidae(13), Scutellina(4)"
yes,FLT,Flatworms,bio,Platyhelminthes,5419,4,Eukaryota(27),Animalia(27),Platyhelminthes(27),"6 nodes: Rhabditophora(21), Platyhelminthes gen. sp.(1), Turbellaria(1)...","Rhabdocoela(20), HdV)(3)","7 nodes: Dalytyphloplanida(9), Kalyptorhynchia(5), Rhabdocoela (type 353(1)..."
yes,MOL,Molluscs,bio,Mollusca,6166,22,Eukaryota(526),Animalia(526),Mollusca(526),"Gastropoda(267), Bivalvia(226), Polyplacophora(26), Cephalopoda(6)","27 nodes: Veneroida(88), Caenogastropoda(76), Neogastropoda(61)...","55 nodes: Littorinimorpha(57), Unionidae(27), Lottiidae(27)..."
yes,NEM,Nematodes,bio,Nematoda,5557,0,Eukaryota(19),Animalia(19),Nematoda(19),"Dorylaimea(10), Chromadorea(8)","Trichocephalia(9), Plectia(7)","Trichocephalida(8), Rhabditica(6)"
yes,ROT,Rotifers,bio,Rotifera,3688,5,"Eukaryota(65), Callidina angusticollis (type-37(1)","Animalia(65), HdV)(1)",Rotifera(65),"Eurotatoria(61), Rotifera incertae sedis(2), Rotifera undiff.(1)","7 nodes: Monogononta(50), Bdelloidea(6), Callidina(1)...","Pseudotrocha(28), Gnesiotrocha(21), Philodinida(5)"
yes,SPO,Sponges,bio,Porifera,5133,0,Eukaryota(17),Animalia(17),Porifera(17),"Demospongiae(14), Porifera (type 220(1), Porifera (type HdV-424)(1)","Heteroscleromorpha(8), Keratosa(4), Haplosclerida(1), HdV)(1)","Spongillida(7), Dictyoceratida(3)"
yes,AQU,Aquatic parameters,non-bio,,21260,0,Water chemistry(20),"20 nodes: Specific conductance(1), Total dissolved solids(1), Alkalinity(1)...",N/A,N/A,N/A,N/A
yes,BIM,Biometric variables,non-bio,None,N/A,1,N/A,N/A,N/A,N/A,N/A,N/A
yes,CHR,Charcoal,non-bio,Charcoal,1062,5,Charcoal(22),"22 nodes: Charcoal (bordered pit)(1), Charcoal (branched)(1), Charcoal (dark)(1)...",N/A,N/A,N/A,N/A
yes,CHM,Chemical substance,non-bio,Chemical substance,23800,1,Chemical substance(329),"Chemical compound(222), Element(85), Mineral(19), Ion(3)","92 nodes: Organic compound(211), Inorganic compound(10), Carbon(5)...","33 nodes: Alkane(88), Glycerol dialkyl glycerol tetraether(53), Alkenone(37)...","152 nodes: Branched glycerol dialkyl glycerol tetraether(30), Isoprenoidal glycerol dialkyl glycerol tetraether(17), C30 1(3)...","50 nodes: 14-diol(4), 15-diol(2), 22-dien-3β-ol(1)..."
yes,LAB,Laboratory analyses,non-bio,Tracheophyta,9534,11,"Laboratory analyses(62), Eukaryota(1), Unknown(1)","64 nodes: Pollen concentration(1), Eucalyptus spike(1), Eucalyptus suspension(1)...","degraded(1), Viridiplantae(1), Unknown (monolete(1)","or thinned(1), Streptophyta(1), clavate)(1)","Embryophyta(1), Lycopodium spike (NPP)(1)",Tracheophyta(1)
yes,LOI,Loss-on-ignition,non-bio,None,N/A,2,N/A,N/A,N/A,N/A,N/A,N/A
yes,CAR,Organic carbon,non-bio,organic matter,532,1,organic matter(3),"organic carbon(1), organic carbon density(1), organic matter density(1)",N/A,N/A,N/A,N/A
yes,MAG,Paleomagnetics,non-bio,None,N/A,2,N/A,N/A,N/A,N/A,N/A,N/A
yes,SED,Physical sedimentol,non-bio,physical sedimentology,34969,1,physical sedimentology(29),"clastics(18), organic matrix(8), bulk density(1), Mean grain size(1), soting index(1)","24 nodes: sand(1), coarse silt(1), medium silt(1)...",N/A,N/A,N/A
yes,PHY,Physical variables,non-bio,physical,34967,1,physical(7),"7 nodes: water table depth(1), mean annual temperature(1), mean annual precipitation(1)...",N/A,N/A,N/A,N/A
yes,PHT,Phytolith,non-bio,phytolith,27790,0,Eukaryota(14),Plantae(14),phytolith(14),"13 nodes: Uncinate(1), Bulliform(1), Elongate crenate(1)...",N/A,N/A
yes,DNA,Sedimentary ancier,non-bio,Eukaryota,32182,0,Eukaryota(655),"655 nodes: atcctgtttttagaaaacaaatgaaaataaaataaagggttcagagaaagcaagaataaaag(1), ctccttttgtcaaaagcaaaaaataaagattcagaaagtaacaataaaaaaag(1), atcacgttttccgaaaacaaaggttcagaaagcgaaaataaaaag(1)...",N/A,N/A,N/A,N/A
yes,ISO,Stable isotopes,non-bio,Element,23801,0,Chemical substance(14),Element(14),"7 nodes: Lead(4), Hydrogen(3), Oxygen(2)...","14 nodes: δ13C(1), δ15N(1), δ18O(1)...",N/A,N/A
yes,UPA,Unidentified palyno,non-bio,None,N/A,8,"Unknown(866), Indeterminable(26), Uncertain affinity(7), Varia(2), Unknown/Indeterminable(1)","674 nodes: Unknown (trilete)(58), Unknown (monolete)(51), Unknown (LMP(43)...","88 nodes: HdV)(67), Unknown (monolete(49), Montade)(43)...","121 nodes: psilate)(20), trilete)(16), verrucate)(13)...","21 nodes: Montade)(42), Unknown (monolete(15), Unknown (trilete(8)...","10 nodes: psilate(15), verrucate(7), trilete(4)..."
yes,WCH,Water chemistry,non-bio,,30815,2,"Water chemistry(54), Chemical substance(1)","46 nodes: pH(3), Total Nitrogen(3), Total Phosphorus(3)...","10 nodes: Total Kjeldahl Nitrogen(1), Total Nitrogen (unfiltered)(1), Total Phosphorus (filtered)(1)...",Silicon trioxide(1),N/A,N/A
,